{"entities":{"pages":{"SCADA-Helper":{"id":"SCADA-Helper","title":"SCADA Helper","url":"scada-helper.html","level":0,"pages":["model-mainpage","SCADA-server"],"tabIndex":0},"model-mainpage":{"id":"model-mainpage","title":"SCADA数据库模型","url":"model-mainpage.html","level":1,"parentId":"SCADA-Helper","pages":["model-maintain","Attribute-Introduce","Abstract-Class","Core-Model","meas-model","primary-equipment-model","auxi-model","moni-model","control-model"],"tabIndex":0},"model-maintain":{"id":"model-maintain","title":"模型维护","url":"model-maintain.html","level":2,"parentId":"model-mainpage","pages":["ied-model-maintain","primary-model-maintain"],"tabIndex":0},"ied-model-maintain":{"id":"ied-model-maintain","title":"量测模型维护","url":"ied-model-maintain.html","level":3,"parentId":"model-maintain","tabIndex":0},"primary-model-maintain":{"id":"primary-model-maintain","title":"厂站模型维护","url":"primary-model-maintain.html","level":3,"parentId":"model-maintain","tabIndex":1},"Attribute-Introduce":{"id":"Attribute-Introduce","title":"数据库属性介绍","url":"attribute-introduce.html","level":2,"parentId":"model-mainpage","pages":["Base-Attribute-Type","Self-defined-Bit-Type","Self-defined-Struct-Type","Enum-Type"],"tabIndex":1},"Base-Attribute-Type":{"id":"Base-Attribute-Type","title":"数据库字段类型","url":"base-attribute-type.html","level":3,"parentId":"Attribute-Introduce","tabIndex":0},"Self-defined-Bit-Type":{"id":"Self-defined-Bit-Type","title":"自定义Bit位","url":"self-defined-bit-type.html","level":3,"parentId":"Attribute-Introduce","tabIndex":1},"Self-defined-Struct-Type":{"id":"Self-defined-Struct-Type","title":"自定义结构体","url":"self-defined-struct-type.html","level":3,"parentId":"Attribute-Introduce","tabIndex":2},"Enum-Type":{"id":"Enum-Type","title":"自定义枚举","url":"enum-type.html","level":3,"parentId":"Attribute-Introduce","tabIndex":3},"Abstract-Class":{"id":"Abstract-Class","title":"基类模型","url":"abstract-class.html","level":2,"parentId":"model-mainpage","tabIndex":2},"Core-Model":{"id":"Core-Model","title":"核心模型","url":"core-model.html","level":2,"parentId":"model-mainpage","tabIndex":3},"meas-model":{"id":"meas-model","title":"量测模型","url":"meas-model.html","level":2,"parentId":"model-mainpage","tabIndex":4},"primary-equipment-model":{"id":"primary-equipment-model","title":"一二次设备模型","url":"primary-equipment-model.html","level":2,"parentId":"model-mainpage","tabIndex":5},"auxi-model":{"id":"auxi-model","title":"辅控模型","url":"auxi-model.html","level":2,"parentId":"model-mainpage","tabIndex":6},"moni-model":{"id":"moni-model","title":"监视模型","url":"moni-model.html","level":2,"parentId":"model-mainpage","tabIndex":7},"control-model":{"id":"control-model","title":"控制模型","url":"control-model.html","level":2,"parentId":"model-mainpage","tabIndex":8},"SCADA-server":{"id":"SCADA-server","title":"SCADA后台服务","url":"scada-server.html","level":1,"parentId":"SCADA-Helper","pages":["acq-server","moni-server"],"tabIndex":1},"acq-server":{"id":"acq-server","title":"数据采集服务","url":"acq-server.html","level":2,"parentId":"SCADA-server","tabIndex":0},"moni-server":{"id":"moni-server","title":"数据监视服务","url":"moni-server.html","level":2,"parentId":"SCADA-server","tabIndex":1}}},"topLevelIds":["SCADA-Helper"]}