{"title":"SCADA数据库模型","subtitle":"SCADA数据库模型帮助文档，面向SCADA开发人员。","tips":[{"title":"Database introduce","description":"数据库原理介绍","url":"empty.html","type":"data"},{"title":"Database API","description":"常用数据库接口说明","url":"empty.html","type":"tools"}],"main":{"title":"Get started","data":[{"title":"数据库字段类型","description":"数据库原生支持的字段类型列表及说明","url":"base-attribute-type.html","type":"computer"},{"title":"自定义Bit位","description":"SCADA数据库自定义Bit位列表及说明","url":"self-defined-bit-type.html","type":"experiment"},{"title":"自定义结构体","description":"SCADA数据库自定义结构体列表及说明","url":"self-defined-struct-type.html","type":"support"},{"title":"自定义枚举","description":"SCADA数据库自定义枚举列表及说明","url":"enum-type.html","type":"tools"}]},"highlighted":{"title":"Explore models","data":[{"title":"基类模型","description":"SCADA数据库使用到的基类模型","url":"abstract-class.html","type":"world"},{"title":"核心模型","description":"SCADA数据库核心模型，包括厂站、电压等级、间隔等","url":"core-model.html","type":"settings"},{"title":"一二次设备模型","description":"常规一二次电力设备模型，包括线路、开关、变压器、母线、保护、测控等","url":"primary-equipment-model.html","type":"idea"},{"title":"量测模型","description":"测点及采集装置模型","url":"meas-model.html","type":"development"},{"title":"监视模型","description":"标识牌、限值等与监视相关的模型","url":"moni-model.html","type":"community"},{"title":"控制模型","description":"遥控遥调、防误等与控制相关的模型","url":"control-model.html","type":"turn-on"}]},"prevNextLinks":{"prevPageTitle":"SCADA Helper","nextPageUrl":"model-maintain.html","nextPageTitle":"模型维护","prevPageUrl":"scada-helper.html"}}