{"title":"Database Model starting page","subtitle":"数据库模型文档。","tips":[{"title":"Database introduce","description":"数据库原理介绍","url":"core-model.html","type":"data"},{"title":"Database API","description":"常用数据库接口说明","url":"core-model.html","type":"tools"}],"main":{"title":"Get started","data":[{"title":"数据库属性介绍","description":"数据库属性类型说明","url":"attribute-introduce.html"},{"title":"基类模型","description":"数据库虚类说明","url":"abstract-class.html"},{"title":"Core Model","description":"核心模型说明","url":"core-model.html"},{"title":"Custom card title","description":"With a custom card summary","url":""}]},"highlighted":{"title":"Explore advanced features","data":[{"title":"Database Model Starting Page","description":"Database Model starting page 数据库模型文档。 Database introduce Database API Get started Core Model Custom card title Explore advanced features Custom card title Custom card title Other relevant topics as wide cards Custom card title Custom card title Other relevant topics as narrow cards…","url":""},{"title":"Database Model Starting Page","description":"With a custom card summary","url":""},{"title":"Custom card title","description":"Database Model starting page 数据库模型文档。 Database introduce Database API Get started Core Model Custom card title Explore advanced features Custom card title Custom card title Other relevant topics as wide cards Custom card title Custom card title Other relevant topics as narrow cards…","url":""},{"title":"Custom card title","description":"With a custom card summary","url":""}]},"groups":[{"title":"Other relevant topics as wide cards","type":"cards","display":"wide","data":[{"title":"Database Model Starting Page","description":"Database Model starting page 数据库模型文档。 Database introduce Database API Get started Core Model Custom card title Explore advanced features Custom card title Custom card title Other relevant topics as wide cards Custom card title Custom card title Other relevant topics as narrow cards…","url":""},{"title":"Database Model Starting Page","description":"With a custom card summary","url":""},{"title":"Custom card title","description":"Database Model starting page 数据库模型文档。 Database introduce Database API Get started Core Model Custom card title Explore advanced features Custom card title Custom card title Other relevant topics as wide cards Custom card title Custom card title Other relevant topics as narrow cards…","url":""},{"title":"Custom card title","description":"With a custom card summary","url":""}]},{"title":"Other relevant topics as narrow cards","type":"cards","display":"normal","data":[{"title":"Database Model Starting Page","description":"Database Model starting page 数据库模型文档。 Database introduce Database API Get started Core Model Custom card title Explore advanced features Custom card title Custom card title Other relevant topics as wide cards Custom card title Custom card title Other relevant topics as narrow cards…","url":""},{"title":"Database Model Starting Page","description":"Database Model starting page 数据库模型文档。 Database introduce Database API Get started Core Model Custom card title Explore advanced features Custom card title Custom card title Other relevant topics as wide cards Custom card title Custom card title Other relevant topics as narrow cards…","url":""},{"title":"Database Model Starting Page","description":"With a custom card summary","url":""},{"title":"Custom card title","description":"Database Model starting page 数据库模型文档。 Database introduce Database API Get started Core Model Custom card title Explore advanced features Custom card title Custom card title Other relevant topics as wide cards Custom card title Custom card title Other relevant topics as narrow cards…","url":""},{"title":"Custom card title","description":"Database Model starting page 数据库模型文档。 Database introduce Database API Get started Core Model Custom card title Explore advanced features Custom card title Custom card title Other relevant topics as wide cards Custom card title Custom card title Other relevant topics as narrow cards…","url":""},{"title":"Custom card title","description":"With a custom card summary","url":""}]},{"type":"links","display":"wide","data":[{"title":"Other related topics as links","data":[{"title":"Database Model Starting Page","description":"Database Model starting page 数据库模型文档。 Database introduce Database API Get started Core Model Custom card title Explore advanced features Custom card title Custom card title Other relevant topics as wide cards Custom card title Custom card title Other relevant topics as narrow cards…","url":""},{"title":"Database Model Starting Page","description":"With a custom card summary","url":""},{"title":"Custom card title","description":"Database Model starting page 数据库模型文档。 Database introduce Database API Get started Core Model Custom card title Explore advanced features Custom card title Custom card title Other relevant topics as wide cards Custom card title Custom card title Other relevant topics as narrow cards…","url":""},{"title":"Custom card title","description":"With a custom card summary","url":""}]},{"title":"Two in a row","data":[{"title":"Database Model Starting Page","description":"Database Model starting page 数据库模型文档。 Database introduce Database API Get started Core Model Custom card title Explore advanced features Custom card title Custom card title Other relevant topics as wide cards Custom card title Custom card title Other relevant topics as narrow cards…","url":""},{"title":"Database Model Starting Page","description":"With a custom card summary","url":""},{"title":"Custom card title","description":"Database Model starting page 数据库模型文档。 Database introduce Database API Get started Core Model Custom card title Explore advanced features Custom card title Custom card title Other relevant topics as wide cards Custom card title Custom card title Other relevant topics as narrow cards…","url":""},{"title":"Custom card title","description":"With a custom card summary","url":""}]}]},{"type":"links","display":"normal","data":[{"title":"More related topics","data":[{"title":"Database Model Starting Page","description":"Database Model starting page 数据库模型文档。 Database introduce Database API Get started Core Model Custom card title Explore advanced features Custom card title Custom card title Other relevant topics as wide cards Custom card title Custom card title Other relevant topics as narrow cards…","url":""},{"title":"Database Model Starting Page","description":"With a custom card summary","url":""},{"title":"Custom card title","description":"Database Model starting page 数据库模型文档。 Database introduce Database API Get started Core Model Custom card title Explore advanced features Custom card title Custom card title Other relevant topics as wide cards Custom card title Custom card title Other relevant topics as narrow cards…","url":""},{"title":"Custom card title","description":"With a custom card summary","url":""}]},{"title":"Three in a row","data":[{"title":"Database Model Starting Page","description":"Database Model starting page 数据库模型文档。 Database introduce Database API Get started Core Model Custom card title Explore advanced features Custom card title Custom card title Other relevant topics as wide cards Custom card title Custom card title Other relevant topics as narrow cards…","url":""},{"title":"Database Model Starting Page","description":"Database Model starting page 数据库模型文档。 Database introduce Database API Get started Core Model Custom card title Explore advanced features Custom card title Custom card title Other relevant topics as wide cards Custom card title Custom card title Other relevant topics as narrow cards…","url":""},{"title":"Custom card title","description":"Database Model starting page 数据库模型文档。 Database introduce Database API Get started Core Model Custom card title Explore advanced features Custom card title Custom card title Other relevant topics as wide cards Custom card title Custom card title Other relevant topics as narrow cards…","url":""},{"title":"Custom card title","description":"Database Model starting page 数据库模型文档。 Database introduce Database API Get started Core Model Custom card title Explore advanced features Custom card title Custom card title Other relevant topics as wide cards Custom card title Custom card title Other relevant topics as narrow cards…","url":""}]},{"title":"Each group is narrow","data":[{"title":"Database Model Starting Page","description":"Database Model starting page 数据库模型文档。 Database introduce Database API Get started Core Model Custom card title Explore advanced features Custom card title Custom card title Other relevant topics as wide cards Custom card title Custom card title Other relevant topics as narrow cards…","url":""},{"title":"Database Model Starting Page","description":"Database Model starting page 数据库模型文档。 Database introduce Database API Get started Core Model Custom card title Explore advanced features Custom card title Custom card title Other relevant topics as wide cards Custom card title Custom card title Other relevant topics as narrow cards…","url":""},{"title":"Custom card title","description":"Database Model starting page 数据库模型文档。 Database introduce Database API Get started Core Model Custom card title Explore advanced features Custom card title Custom card title Other relevant topics as wide cards Custom card title Custom card title Other relevant topics as narrow cards…","url":""},{"title":"Custom card title","description":"Database Model starting page 数据库模型文档。 Database introduce Database API Get started Core Model Custom card title Explore advanced features Custom card title Custom card title Other relevant topics as wide cards Custom card title Custom card title Other relevant topics as narrow cards…","url":""}]}]}],"prevNextLinks":{"prevPageTitle":"Reference","nextPageUrl":"default-topic.html","nextPageTitle":"This is the first topic","prevPageUrl":"reference.html"}}